mysql> SELECT * FROM artikel;
+---------------+------------------+-------------+--------+
| artikelnummer | herstellernummer | artikelname | preis  |
+---------------+------------------+-------------+--------+
|             1 |               10 | Maus        |  10.00 |
|             2 |               10 | Tastatur    |  20.00 |
|             3 |               50 | Drucker     | 300.00 |
|             4 |               30 | Festplatte  | 400.00 |
|             5 |               20 | Monitor     | 500.00 |
+---------------+------------------+-------------+--------+
5 rows in set (0.00 sec)

mysql> SELECT artikelname AS Artikel, preis AS Nettopreis, preis + (preis * 19/100) AS Bruttopreis
    -> FROM artikel;
+------------+------------+-------------+
| Artikel    | Nettopreis | Bruttopreis |
+------------+------------+-------------+
| Maus       |      10.00 |   11.900000 |
| Tastatur   |      20.00 |   23.800000 |
| Drucker    |     300.00 |  357.000000 |
| Festplatte |     400.00 |  476.000000 |
| Monitor    |     500.00 |  595.000000 |
+------------+------------+-------------+
5 rows in set (0.00 sec)

mysql> SELECT artikelname AS Artikel, preis AS Einzelpreis, preis * 50 AS Gesamtpreis
    -> FROM artikel;
+------------+-------------+-------------+
| Artikel    | Einzelpreis | Gesamtpreis |
+------------+-------------+-------------+
| Maus       |       10.00 |      500.00 |
| Tastatur   |       20.00 |     1000.00 |
| Drucker    |      300.00 |    15000.00 |
| Festplatte |      400.00 |    20000.00 |
| Monitor    |      500.00 |    25000.00 |
+------------+-------------+-------------+
5 rows in set (0.00 sec)

mysql> notee
